name,platform,year_of_release,genre,publisher,na_sales,eu_sales,jp_sales,other_sales,global_sales,critic_score,critic_count,user_score,user_count,developer,rating
Wii Sports,Wii,2006,Sports,Nintendo,41.36,28.96,3.77,8.45,82.53,76,51,8,322,Nintendo,E
Super Mario Bros.,NES,1985,Platform,Nintendo,29.08,3.58,6.81,0.77,40.24,,,,,,
Mario Kart Wii,Wii,2008,Racing,Nintendo,15.68,12.76,3.79,3.29,35.52,82,73,8.3,709,Nintendo,E
Wii Sports Resort,Wii,2009,Sports,Nintendo,15.61,10.93,3.28,2.95,32.77,80,73,8,192,Nintendo,E
Pokemon Red/Pokemon Blue,GB,1996,Role-Playing,Nintendo,11.27,8.89,10.22,1.0,31.37,,,,,,
Tetris,GB,1989,Puzzle,Nintendo,23.2,2.26,4.22,0.58,30.26,,,,,,
New Super Mario Bros.,DS,2006,Platform,Nintendo,11.28,9.14,6.5,2.88,29.8,89,65,8.5,431,Nintendo,E
Wii Play,Wii,2006,Misc,Nintendo,13.96,9.18,2.93,2.84,28.92,58,41,6.6,129,Nintendo,E
New Super Mario Bros. Wii,Wii,2009,Platform,Nintendo,14.44,6.94,4.7,2.24,28.32,87,80,8.4,594,Nintendo,E
Duck Hunt,NES,1984,Shooter,Nintendo,26.93,0.63,0.28,0.47,28.31,,,,,,
Nintendogs,DS,2005,Simulation,Nintendo,9.05,10.95,1.93,2.74,24.67,,,,,,
Mario Kart DS,DS,2005,Racing,Nintendo,9.71,7.47,4.13,1.9,23.21,91,64,8.6,464,Nintendo,E
Pokemon Gold/Pokemon Silver,GB,1999,Role-Playing,Nintendo,9.0,6.18,7.2,0.71,23.1,,,,,,
Wii Fit,Wii,2007,Sports,Nintendo,8.92,8.03,3.6,2.15,22.7,80,63,7.7,146,Nintendo,E
Kinect Adventures!,X360,2010,Misc,Microsoft Game Studios,15.0,4.89,0.24,1.69,21.81,61,45,6.3,106,Good Science Studio,E
Wii Fit Plus,Wii,2009,Sports,Nintendo,9.01,8.49,2.53,1.77,21.79,80,33,7.4,52,Nintendo,E
Grand Theft Auto V,PS3,2013,Action,Take-Two Interactive,7.02,9.09,0.98,3.96,21.04,97,50,8.2,3994,Rockstar North,M
Grand Theft Auto: San Andreas,PS2,2004,Action,Take-Two Interactive,9.43,0.4,0.41,10.57,20.81,95,80,9,1588,Rockstar North,M
Super Mario World,SNES,1990,Platform,Nintendo,12.78,3.75,3.54,0.55,20.61,,,,,,
Brain Age: Train Your Brain in Minutes a Day,DS,2005,Misc,Nintendo,4.74,9.2,4.16,2.04,20.15,77,58,7.9,50,Nintendo,E
Pokemon Diamond/Pokemon Pearl,DS,2006,Role-Playing,Nintendo,6.38,4.46,6.04,1.36,18.25,,,,,,
Super Mario Land,GB,1989,Platform,Nintendo,10.83,2.71,4.18,0.42,18.14,,,,,,
Super Mario Bros. 3,NES,1988,Platform,Nintendo,9.54,3.44,3.84,0.46,17.28,,,,,,
Grand Theft Auto V,X360,2013,Action,Take-Two Interactive,9.66,5.14,0.06,1.41,16.27,97,58,8.1,3711,Rockstar North,M
Grand Theft Auto: Vice City,PS2,2002,Action,Take-Two Interactive,8.41,5.49,0.47,1.78,16.15,95,62,8.7,730,Rockstar North,M
Pokemon Ruby/Pokemon Sapphire,GBA,2002,Role-Playing,Nintendo,6.06,3.9,5.38,0.5,15.85,,,,,,
Brain Age 2: More Training in Minutes a Day,DS,2005,Puzzle,Nintendo,3.43,5.35,5.32,1.18,15.29,77,37,7.1,19,Nintendo,E
Pokemon Black/Pokemon White,DS,2010,Role-Playing,Nintendo,5.51,3.17,5.65,0.8,15.14,,,,,,
Gran Turismo 3: A-Spec,PS2,2001,Racing,Sony Computer Entertainment,6.85,5.09,1.87,1.16,14.98,95,54,8.4,314,Polyphony Digital,E
Call of Duty: Modern Warfare 3,X360,2011,Shooter,Activision,9.04,4.24,0.13,1.32,14.73,88,81,3.4,8713,"Infinity Ward, Sledgehammer Games",M
Pokémon Yellow: Special Pikachu Edition,GB,1998,Role-Playing,Nintendo,5.89,5.04,3.12,0.59,14.64,,,,,,
Call of Duty: Black Ops 3,PS4,2015,Shooter,Activision,6.03,5.86,0.36,2.38,14.63,,,,,,
Call of Duty: Black Ops,X360,2010,Shooter,Activision,9.7,3.68,0.11,1.13,14.61,87,89,6.3,1454,Treyarch,M
Pokemon X/Pokemon Y,3DS,2013,Role-Playing,Nintendo,5.28,4.19,4.35,0.78,14.6,,,,,,
Call of Duty: Black Ops II,PS3,2012,Shooter,Activision,4.99,5.73,0.65,2.42,13.79,83,21,5.3,922,Treyarch,M
Call of Duty: Black Ops II,X360,2012,Shooter,Activision,8.25,4.24,0.07,1.12,13.67,83,73,4.8,2256,Treyarch,M
Call of Duty: Modern Warfare 2,X360,2009,Shooter,Activision,8.52,3.59,0.08,1.28,13.47,94,100,6.3,2698,Infinity Ward,M
Call of Duty: Modern Warfare 3,PS3,2011,Shooter,Activision,5.54,5.73,0.49,1.57,13.32,88,39,3.2,5234,"Infinity Ward, Sledgehammer Games",M
Grand Theft Auto III,PS2,2001,Action,Take-Two Interactive,6.99,4.51,0.3,1.3,13.1,97,56,8.5,664,DMA Design,M
Super Smash Bros. Brawl,Wii,2008,Fighting,Nintendo,6.62,2.55,2.66,1.01,12.84,93,81,8.9,1662,Game Arts,T
Mario Kart 7,3DS,2011,Racing,Nintendo,5.03,4.02,2.69,0.91,12.66,85,73,8.2,632,"Retro Studios, Entertainment Analysis & Development Division",E
Call of Duty: Black Ops,PS3,2010,Shooter,Activision,5.99,4.37,0.48,1.79,12.63,88,58,6.4,1094,Treyarch,M
Grand Theft Auto V,PS4,2014,Action,Take-Two Interactive,3.96,6.31,0.38,1.97,12.61,97,66,8.3,2899,Rockstar North,M
Animal Crossing: Wild World,DS,2005,Simulation,Nintendo,2.5,3.45,5.33,0.86,12.13,86,57,8.7,242,Nintendo,E
Halo 3,X360,2007,Shooter,Microsoft Game Studios,7.97,2.81,0.13,1.21,12.12,94,86,7.8,4100,"Bungie Software, Bungie",M
Super Mario 64,N64,1996,Platform,Nintendo,6.91,2.85,1.91,0.23,11.89,,,,,,
Pokemon HeartGold/Pokemon SoulSilver,DS,2009,Action,Nintendo,4.34,2.71,3.96,0.76,11.77,,,,,,
Pokemon Omega Ruby/Pokemon Alpha Sapphire,3DS,2014,Role-Playing,Nintendo,4.35,3.49,3.1,0.74,11.68,,,,,,
Gran Turismo 4,PS2,2004,Racing,Sony Computer Entertainment,3.01,0.01,1.1,7.53,11.66,89,74,8.5,272,Polyphony Digital,E
Super Mario Galaxy,Wii,2007,Platform,Nintendo,6.06,3.35,1.2,0.74,11.35,97,73,8.9,2147,Nintendo,E
Super Mario Land 2: 6 Golden Coins,GB,1992,Adventure,Nintendo,6.16,2.04,2.69,0.29,11.18,,,,,,
Grand Theft Auto IV,X360,2008,Action,Take-Two Interactive,6.76,3.07,0.14,1.03,11.01,98,86,7.9,2951,Rockstar North,M
Gran Turismo,PS,1997,Racing,Sony Computer Entertainment,4.02,3.87,2.54,0.52,10.95,96,16,8.7,138,Polyphony Digital,E
Super Mario 3D Land,3DS,2011,Platform,Nintendo,4.89,3.0,2.14,0.78,10.81,90,82,8.4,921,Nintendo,E
Gran Turismo 5,PS3,2010,Racing,Sony Computer Entertainment,2.96,4.82,0.81,2.11,10.7,84,82,7.5,1112,Polyphony Digital,E
Call of Duty: Modern Warfare 2,PS3,2009,Shooter,Activision,4.99,3.64,0.38,1.6,10.6,94,67,6.3,2073,Infinity Ward,M
Super Mario All-Stars,SNES,1993,Platform,Nintendo,5.99,2.15,2.12,0.29,10.55,,,,,,
Grand Theft Auto IV,PS3,2008,Action,Take-Two Interactive,4.76,3.69,0.44,1.61,10.5,98,64,7.5,2833,Rockstar North,M
Pokemon FireRed/Pokemon LeafGreen,GBA,2004,Role-Playing,Nintendo,4.34,2.65,3.15,0.35,10.49,,,,,,
Super Mario 64,DS,2004,Platform,Nintendo,5.01,3.07,1.25,0.97,10.3,,,,,,
Call of Duty: Ghosts,X360,2013,Shooter,Activision,6.73,2.56,0.04,0.91,10.25,73,29,2.6,2117,Infinity Ward,M
Just Dance 3,Wii,2011,Misc,Ubisoft,5.95,3.11,0.0,1.06,10.12,74,15,7.8,16,Ubisoft,E10+
New Super Mario Bros. 2,3DS,2012,Platform,Nintendo,3.66,3.14,2.47,0.63,9.9,78,70,7.2,424,Nintendo,E
Mario Kart 64,N64,1996,Racing,Nintendo,5.55,1.94,2.23,0.15,9.87,,,,,,
Halo: Reach,X360,2010,Shooter,Microsoft Game Studios,7.04,1.95,0.08,0.79,9.86,91,99,7.9,2045,Bungie,M
Final Fantasy VII,PS,1997,Role-Playing,Sony Computer Entertainment,3.01,2.47,3.28,0.96,9.72,92,20,9.2,1282,SquareSoft,T
Halo 4,X360,2012,Shooter,Microsoft Game Studios,6.65,2.28,0.04,0.74,9.71,87,87,7,3260,343 Industries,M
Gran Turismo 2,PS,1999,Racing,Sony Computer Entertainment,3.88,3.42,1.69,0.5,9.49,93,23,9,135,Polyphony Digital,T
Just Dance 2,Wii,2010,Misc,Ubisoft,5.8,2.85,0.01,0.78,9.44,74,24,7.3,24,Ubisoft,E10+
Call of Duty: Ghosts,PS3,2013,Shooter,Activision,4.1,3.63,0.38,1.25,9.36,71,10,2.6,1047,Infinity Ward,M
Call of Duty 4: Modern Warfare,X360,2007,Shooter,Activision,5.93,2.36,0.13,0.9,9.31,94,70,8.4,1320,Infinity Ward,M
Donkey Kong Country,SNES,1994,Platform,Nintendo,4.36,1.71,3.0,0.23,9.3,,,,,,
Minecraft,X360,2013,Misc,Microsoft Game Studios,5.7,2.65,0.02,0.81,9.18,,,,,,
Animal Crossing: New Leaf,3DS,2012,Simulation,Nintendo,2.03,2.36,4.39,0.39,9.16,88,70,8.7,626,Nintendo,E
Mario Party DS,DS,2007,Misc,Nintendo,4.4,1.85,1.98,0.68,8.91,72,27,7.8,85,Hudson Soft,E
The Elder Scrolls V: Skyrim,X360,2011,Role-Playing,Bethesda Softworks,5.05,2.79,0.1,0.85,8.79,96,89,8.4,3589,Bethesda Game Studios,M
Super Mario Kart,SNES,1992,Racing,Nintendo,3.54,1.24,3.81,0.18,8.76,,,,,,
FIFA 16,PS4,2015,Sports,Electronic Arts,1.12,6.12,0.06,1.28,8.57,82,42,4.3,896,EA Sports,E
Halo 2,XB,2004,Shooter,Microsoft Game Studios,6.82,1.53,0.05,0.08,8.49,95,91,8.2,1218,Bungie Software,M
Wii Party,Wii,2010,Misc,Nintendo,1.75,3.47,2.49,0.67,8.38,68,42,7.4,54,Nd Cube,E
Mario Party 8,Wii,2007,Misc,Nintendo,3.74,2.24,1.58,0.7,8.27,62,41,6.3,190,Hudson,E
FIFA Soccer 13,PS3,2012,Action,Electronic Arts,1.06,5.01,0.13,1.97,8.16,88,37,6.6,348,Electronic Arts,E
GoldenEye 007,N64,1997,Shooter,Nintendo,5.8,2.01,0.13,0.15,8.09,,,,,,
Pokemon Black 2/Pokemon White 2,DS,2012,Role-Playing,Nintendo,2.79,1.72,3.14,0.41,8.07,,,,,,
Final Fantasy X,PS2,2001,Role-Playing,Sony Computer Entertainment,2.91,2.07,2.73,0.33,8.05,92,53,8.7,1056,SquareSoft,T
The Sims 3,PC,2009,Simulation,Electronic Arts,0.99,6.42,0.0,0.6,8.01,86,75,7.6,886,The Sims Studio,T
Mario & Sonic at the Olympic Games,Wii,2007,Sports,Sega,2.57,3.86,0.66,0.91,7.99,,,,,,
Star Wars Battlefront (2015),PS4,2015,Shooter,Electronic Arts,2.99,3.49,0.22,1.28,7.98,,,,,,
Final Fantasy VIII,PS,1999,Role-Playing,SquareSoft,2.28,1.72,3.63,0.23,7.86,90,24,8.6,644,SquareSoft,T
Pac-Man,2600,1982,Puzzle,Atari,7.28,0.45,0.0,0.08,7.81,,,,,,
Pokémon Platinum Version,DS,2008,Role-Playing,Nintendo,2.76,1.72,2.69,0.54,7.72,83,46,8.5,203,Game Freak,E
Grand Theft Auto: Liberty City Stories,PSP,2005,Action,Take-Two Interactive,2.9,2.81,0.24,1.73,7.69,88,65,7.6,451,Rockstar Leeds,M
Call of Duty: Advanced Warfare,PS4,2014,Shooter,Activision,2.81,3.48,0.14,1.23,7.66,83,39,5.7,1443,Sledgehammer Games,M
The Legend of Zelda: Ocarina of Time,N64,1998,Action,Nintendo,4.1,1.89,1.45,0.16,7.6,,,,,,
FIFA 17,PS4,2016,Sports,Electronic Arts,0.66,5.75,0.08,1.11,7.59,85,41,5,398,"EA Sports, EA Vancouver",E
Crash Bandicoot 2: Cortex Strikes Back,PS,1997,Platform,Sony Computer Entertainment,3.78,2.17,1.31,0.31,7.58,,,,,,
Super Smash Bros. for Wii U and 3DS,3DS,2014,Fighting,Nintendo,3.27,1.37,2.43,0.48,7.55,,,,,,
Super Mario Galaxy 2,Wii,2010,Platform,Nintendo,3.56,2.35,0.98,0.62,7.51,97,87,9.1,1854,Nintendo EAD Tokyo,E
Super Mario Bros. 2,NES,1988,Platform,Nintendo,5.39,1.18,0.7,0.19,7.46,,,,,,
Call of Duty: Black Ops 3,XOne,2015,Shooter,Activision,4.59,2.11,0.01,0.68,7.39,,,,,,
Call of Duty: World at War,X360,2008,Shooter,Activision,4.81,1.88,0.0,0.69,7.38,84,84,7.6,580,Treyarch,M
Battlefield 3,X360,2011,Shooter,Electronic Arts,4.46,2.11,0.06,0.69,7.32,84,57,7.4,2142,EA DICE,M
Need for Speed Underground,PS2,2003,Racing,Electronic Arts,3.27,2.83,0.08,1.02,7.2,85,33,8.6,171,EA Black Box,E
Just Dance,Wii,2009,Misc,Ubisoft,3.48,2.99,0.0,0.73,7.2,49,21,8,110,Ubisoft Paris,E10+
Battlefield 3,PS3,2011,Shooter,Electronic Arts,2.85,2.89,0.35,1.08,7.17,85,38,7.5,1761,EA DICE,M
Fallout 4,PS4,2015,Role-Playing,Bethesda Softworks,2.53,3.27,0.24,1.13,7.16,87,58,6.5,4228,Bethesda Game Studios,M
Tekken 3,PS,1998,Fighting,Sony Computer Entertainment,3.27,2.22,1.4,0.29,7.16,96,15,9.1,367,Namco,T
The Legend of Zelda: Twilight Princess,Wii,2006,Action,Nintendo,3.74,2.14,0.6,0.68,7.15,95,73,9,1658,Nintendo,T
Pokemon Sun/Moon,3DS,2016,Role-Playing,Nintendo,2.98,1.45,2.26,0.45,7.14,,,,,,
Crash Bandicoot 3: Warped,PS,1998,Platform,Sony Computer Entertainment,3.68,1.75,1.42,0.28,7.13,91,12,8.9,432,Naughty Dog,E
Mario Kart 8,WiiU,2014,Racing,Nintendo,3.15,2.15,1.28,0.51,7.09,88,82,9.1,1599,Nintendo,E
Super Smash Bros. Melee,GC,2001,Fighting,Nintendo,4.41,1.04,1.39,0.22,7.07,92,38,9.1,568,HAL Labs,T
Mario Kart: Double Dash!!,GC,2003,Racing,Nintendo,4.12,1.77,0.87,0.19,6.95,,,,,,
Need for Speed Underground 2,PS2,2004,Racing,Electronic Arts,2.71,3.02,0.08,1.09,6.9,82,39,8.6,132,EA Canada,E
Medal of Honor: Frontline,PS2,2002,Shooter,Electronic Arts,2.93,2.75,0.17,0.99,6.83,88,29,8.5,135,EA LA,T
Crash Bandicoot,PS,1996,Platform,Sony Computer Entertainment,3.23,2.35,0.94,0.3,6.82,,,,,,
Just Dance 4,Wii,2012,Misc,Ubisoft,4.05,2.16,0.0,0.55,6.76,74,10,7.3,28,Ubisoft,E10+
Gears of War 2,X360,2008,Shooter,Microsoft Game Studios,4.15,1.9,0.06,0.64,6.75,93,90,7.7,2739,Epic Games,M
Uncharted 3: Drake's Deception,PS3,2011,Action,Sony Computer Entertainment,2.77,2.75,0.19,1.03,6.74,92,97,8.3,3712,Naughty Dog,T
Zumba Fitness,Wii,2010,Sports,505 Games,3.45,2.59,0.0,0.66,6.71,,,tbd,,"Pipeworks Software, Inc.",E
Call of Duty 4: Modern Warfare,PS3,2007,Shooter,Activision,3.11,2.26,0.28,1.03,6.68,94,44,8.4,993,Infinity Ward,M
Uncharted 2: Among Thieves,PS3,2009,Action,Sony Computer Entertainment,3.27,2.2,0.21,0.98,6.66,96,105,8.8,5187,Naughty Dog,T
FIFA 12,PS3,2011,Sports,Electronic Arts,0.84,4.3,0.11,1.39,6.65,,,,,,
Big Brain Academy,DS,2005,Misc,Nintendo,1.66,2.75,1.6,0.62,6.62,74,45,7.4,27,Nintendo,E
The Legend of Zelda,NES,1986,Action,Nintendo,3.74,0.93,1.69,0.14,6.51,,,,,,
Red Dead Redemption,PS3,2010,Action,Take-Two Interactive,2.79,2.53,0.17,0.99,6.49,95,73,8.8,2456,Rockstar San Diego,M
FIFA 14,PS3,2013,Sports,Electronic Arts,0.78,4.24,0.07,1.37,6.47,86,37,4.3,576,EA Canada,E
Assassin's Creed III,PS3,2012,Action,Ubisoft,2.64,2.52,0.16,1.12,6.45,85,41,6.9,1307,Ubisoft,M
Donkey Kong Country Returns,Wii,2010,Platform,Nintendo,3.17,1.79,1.03,0.46,6.44,87,77,8.6,368,Retro Studios,E
Halo: Combat Evolved,XB,2001,Shooter,Microsoft Game Studios,4.98,1.3,0.08,0.07,6.43,97,68,8.6,1283,Bungie Software,M
The Elder Scrolls V: Skyrim,PS3,2011,Role-Playing,Bethesda Softworks,2.55,2.6,0.25,1.0,6.41,92,16,6.4,2527,Bethesda Game Studios,M
Pokémon Emerald Version,GBA,2004,Role-Playing,Nintendo,2.57,1.58,2.06,0.21,6.41,76,28,9,222,Game Freak,E
Kingdom Hearts,PS2,2002,Role-Playing,Sony Computer Entertainment,3.64,1.2,1.49,0.07,6.4,85,46,8.8,597,SquareSoft,E
Pokémon Crystal Version,GB,2000,Role-Playing,Nintendo,2.55,1.56,1.29,0.99,6.39,,,,,,
Halo 3: ODST,X360,2009,Shooter,Microsoft Game Studios,4.34,1.34,0.06,0.61,6.34,83,94,7.1,1163,"Bungie Software, Bungie",M
Red Dead Redemption,X360,2010,Action,Take-Two Interactive,3.7,1.95,0.09,0.58,6.32,95,96,9,2316,Rockstar San Diego,M
Super Mario Sunshine,GC,2002,Platform,Nintendo,4.01,1.26,0.87,0.17,6.31,92,61,8.6,439,Nintendo,E
Street Fighter II: The World Warrior,SNES,1992,Fighting,Capcom,2.47,0.83,2.87,0.12,6.3,,,,,,
World of Warcraft,PC,2004,Role-Playing,Activision,0.08,6.21,0.0,0.0,6.29,93,57,7.3,2182,Blizzard Entertainment,T
Driver,PS,1999,Action,GT Interactive,3.11,2.8,0.02,0.33,6.27,87,22,8.1,78,Reflections Interactive,T
Gears of War 3,X360,2011,Shooter,Microsoft Game Studios,4.05,1.59,0.07,0.5,6.21,91,96,7.8,1504,Epic Games,M
Kinect Sports,X360,2010,Sports,Microsoft Game Studios,3.92,1.73,0.03,0.51,6.19,73,51,7.4,95,Rare Ltd.,E10+
Gears of War,X360,2006,Shooter,Microsoft Game Studios,3.54,1.88,0.07,0.6,6.09,94,88,8.3,2295,Epic Games,M
FIFA 15,PS4,2014,Sports,Electronic Arts,0.8,4.33,0.05,0.9,6.08,82,47,5.7,988,EA Sports,E
Metal Gear Solid 2: Sons of Liberty,PS2,2001,Action,Konami Digital Entertainment,2.45,2.01,0.87,0.72,6.05,96,42,8.7,1026,KCEJ,M
Sonic the Hedgehog 2,GEN,1992,Platform,Sega,4.47,1.2,0.16,0.19,6.03,,,,,,
Metal Gear Solid,PS,1998,Action,Konami Digital Entertainment,3.18,1.83,0.78,0.24,6.03,94,20,9.4,918,KCEJ,M
Metal Gear Solid 4: Guns of the Patriots,PS3,2008,Action,Konami Digital Entertainment,2.63,1.71,0.83,0.82,5.99,94,82,8.7,3558,Kojima Productions,M
Final Fantasy XII,PS2,2006,Role-Playing,Square Enix,1.88,0.0,2.33,1.74,5.95,92,64,7.6,972,Square Enix,T
The Last of Us,PS3,2013,Action,Sony Computer Entertainment Europe,2.41,2.18,0.28,0.99,5.87,95,98,9.1,8003,Naughty Dog,M
LittleBigPlanet,PS3,2008,Platform,Sony Computer Entertainment,2.8,1.98,0.17,0.87,5.82,95,85,6.8,5311,"SCE/WWS, Media Molecule",E
Resident Evil 2,PS,1998,Action,Virgin Interactive,1.88,1.47,2.02,0.45,5.82,89,13,9.2,364,Capcom,M
Dragon Quest IX: Sentinels of the Starry Skies,DS,2009,Role-Playing,Nintendo,0.63,0.67,4.35,0.15,5.78,87,65,8.8,197,Level 5,E10+
Tekken 2,PS,1996,Fighting,Sony Computer Entertainment,2.26,1.89,1.36,0.23,5.74,89,8,8.9,102,Namco,T
Destiny,PS4,2014,Shooter,Activision,2.49,2.07,0.16,0.92,5.64,76,95,6.1,5380,"Bungie Software, Bungie",T
LEGO Star Wars: The Complete Saga,Wii,2007,Action,LucasArts,3.57,1.55,0.0,0.51,5.64,80,17,8.9,62,Traveller's Tales,E10+
Cooking Mama,DS,2006,Simulation,505 Games,3.07,1.91,0.07,0.57,5.63,67,35,7.2,21,Taito Corporation,E
Tetris,NES,1988,Puzzle,Nintendo,2.97,0.69,1.81,0.11,5.58,,,,,,
Super Smash Bros.,N64,1999,Fighting,Nintendo,2.95,0.6,1.97,0.04,5.55,,,,,,
Assassin's Creed II,PS3,2009,Action,Ubisoft,2.54,1.93,0.21,0.86,5.55,91,70,8.6,1202,Ubisoft Montreal,M
Assassin's Creed,X360,2007,Adventure,Ubisoft,3.28,1.64,0.07,0.56,5.54,81,77,7.7,1074,Ubisoft Montreal,M
Forza Motorsport 3,X360,2009,Racing,Microsoft Game Studios,2.99,1.9,0.1,0.5,5.49,92,90,8,516,Turn 10,E
Super Mario Advance,GBA,2001,Platform,Nintendo,3.14,1.24,0.91,0.2,5.49,84,19,7.8,41,Nintendo,E
Batman: Arkham City,PS3,2011,Action,Warner Bros. Interactive Entertainment,2.71,1.85,0.11,0.81,5.48,96,42,8.6,2162,Rocksteady Studios,T
Grand Theft Auto V,XOne,2014,Action,Take-Two Interactive,2.81,2.19,0.0,0.47,5.48,97,14,7.9,764,Rockstar North,M
Monster Hunter Freedom Unite,PSP,2008,Role-Playing,Capcom,0.47,0.55,4.13,0.34,5.48,81,48,8.7,124,Capcom,T
Mario Kart: Super Circuit,GBA,2001,Racing,Nintendo,2.62,1.64,0.99,0.23,5.47,93,24,8.3,108,Intelligent Systems,E
Super Mario World,GBA,2001,Platform,Nintendo,3.21,1.11,0.95,0.2,5.46,,,,,,
Pokemon Stadium,N64,1999,Strategy,Nintendo,3.18,1.24,0.94,0.09,5.45,,,,,,
Crash Bandicoot: The Wrath of Cortex,PS2,2001,Platform,Universal Interactive,2.07,2.29,0.24,0.82,5.42,66,22,7.1,156,Traveller's Tales,E
Call of Duty: World at War,PS3,2008,Shooter,Activision,2.73,1.83,0.0,0.83,5.39,85,45,7.6,409,Treyarch,M
Uncharted 4: A Thief's End,PS4,2016,Shooter,Sony Computer Entertainment,1.85,2.5,0.19,0.85,5.38,93,113,7.9,7064,Naughty Dog,T
Dr. Mario,GB,1989,Puzzle,Nintendo,2.18,0.96,2.0,0.2,5.34,,,,,,
Final Fantasy XIII,PS3,2009,Role-Playing,Square Enix,1.74,1.21,1.87,0.51,5.33,83,83,7.3,2483,Square Enix,T
Pokemon Pinball,GB,1999,Misc,Nintendo,3.02,1.12,1.01,0.16,5.31,,,,,,
Final Fantasy IX,PS,2000,Role-Playing,SquareSoft,1.62,0.77,2.78,0.14,5.3,94,22,8.9,779,SquareSoft,T
Assassin's Creed III,X360,2012,Action,Ubisoft,3.13,1.69,0.03,0.44,5.29,84,61,6.7,1196,Ubisoft,M
Final Fantasy X-2,PS2,2003,Role-Playing,Electronic Arts,1.92,1.08,2.11,0.17,5.29,85,45,6.6,400,SquareSoft,T
Donkey Kong 64,N64,1999,Platform,Nintendo,3.33,0.79,1.09,0.06,5.27,,,,,,
Call of Duty: Advanced Warfare,XOne,2014,Shooter,Activision,3.22,1.55,0.01,0.48,5.27,81,53,5.4,898,Sledgehammer Games,M
Minecraft,PS3,2014,Misc,Sony Computer Entertainment,2.03,2.37,0.0,0.87,5.26,,,,,,
Assassin's Creed II,X360,2009,Action,Ubisoft,3.11,1.55,0.08,0.51,5.26,90,82,8.8,1305,Ubisoft Montreal,M
Tomb Raider II,PS,1997,Action,Eidos Interactive,2.3,2.46,0.2,0.28,5.24,85,13,,,Core Design Ltd.,T
Madden NFL 2004,PS2,,Sports,Electronic Arts,4.26,0.26,0.01,0.71,5.23,94,29,8.5,140,EA Tiburon,E
Tomodachi Life,3DS,2013,Simulation,Nintendo,0.97,2.11,1.9,0.24,5.23,,,,,,
New Super Mario Bros. U,WiiU,2012,Platform,Nintendo,2.3,1.34,1.27,0.32,5.22,84,70,8.1,733,Nintendo,E
Dragon Quest VIII: Journey of the Cursed King,PS2,2004,Role-Playing,Square Enix,0.65,0.75,3.61,0.2,5.21,89,63,8.8,245,Level 5,T
Super Mario Bros. 3,GBA,2003,Platform,Nintendo,2.93,1.25,0.83,0.2,5.2,,,,,,
Professor Layton and the Curious Village,DS,2007,Puzzle,Nintendo,1.21,2.43,1.03,0.52,5.19,85,72,8.6,147,Level 5,E
Super Mario Land 3: Wario Land,GB,1994,Platform,Nintendo,2.49,0.98,1.57,0.15,5.19,,,,,,
FIFA Soccer 13,X360,2012,Action,Electronic Arts,1.09,3.47,0.03,0.57,5.16,90,48,6.1,403,Electronic Arts,E
Donkey Kong Country 2: Diddy's Kong Quest,SNES,1995,Platform,Nintendo,2.1,0.74,2.2,0.11,5.15,,,,,,
Diablo III,PC,2012,Role-Playing,Activision,2.44,2.16,0.0,0.54,5.14,88,86,4,9629,Blizzard Entertainment,M
Medal of Honor: Rising Sun,PS2,2003,Shooter,Electronic Arts,1.98,2.23,0.13,0.8,5.13,68,30,7.6,100,EA LA,T
Kirby's Dream Land,GB,1992,Platform,Nintendo,2.71,0.61,1.7,0.11,5.13,,,,,,
Microsoft Flight Simulator,PC,1996,Simulation,Microsoft Game Studios,3.22,1.69,0.0,0.2,5.12,,,,,,
Guitar Hero II,PS2,2006,Misc,RedOctane,3.81,0.63,0.0,0.68,5.12,92,69,8.5,112,Harmonix Music Systems,T
Fable III,X360,2010,Role-Playing,Microsoft Game Studios,3.59,1.08,0.05,0.38,5.1,80,88,6.5,604,Lionhead Studios,M
Mario & Sonic at the Olympic Games,DS,2008,Sports,Sega,1.63,2.45,0.44,0.57,5.09,,,,,,
Resident Evil 5,PS3,2009,Action,Capcom,1.96,1.41,1.08,0.64,5.09,84,76,7.5,667,Capcom,M
The Legend of Zelda: Phantom Hourglass,DS,2007,Action,Nintendo,1.85,1.8,0.95,0.48,5.08,90,57,8,416,Nintendo,E
Super Mario Bros.,GB,1999,Platform,Nintendo,3.4,1.3,0.15,0.22,5.07,,,,,,
FIFA Soccer 11,PS3,2010,Sports,Electronic Arts,0.61,3.28,0.06,1.12,5.07,89,51,8,233,EA Sports,E
Resident Evil,PS,1996,Action,Virgin Interactive,2.05,1.16,1.11,0.73,5.05,91,8,9,266,Capcom,M
Grand Theft Auto: Vice City Stories,PSP,2006,Action,Take-Two Interactive,1.7,1.99,0.16,1.18,5.03,86,50,8,150,Rockstar Leeds,M
Tony Hawk's Pro Skater,PS,1999,Sports,Activision,3.42,1.38,0.02,0.2,5.02,92,18,9.2,69,Neversoft Entertainment,T
Warzone 2100,PS,1999,Strategy,Eidos Interactive,2.79,1.89,0.0,0.33,5.01,,,,,,
Spyro the Dragon,PS,1998,Platform,Sony Computer Entertainment,3.36,1.36,0.07,0.21,5.0,,,,,,
Guitar Hero III: Legends of Rock,PS2,2007,Misc,Activision,3.49,0.01,0.01,1.48,4.98,82,24,8.2,46,"Neversoft Entertainment, BudCat",T
Link's Crossbow Training,Wii,2007,Shooter,Nintendo,3.05,1.17,0.29,0.46,4.98,68,34,7.1,47,Nintendo,T
Pokemon Mystery Dungeon: Explorers of Time/Explorers of Darkness,DS,2007,Role-Playing,Nintendo,1.83,1.19,1.54,0.37,4.93,,,,,,
Fallout 3,X360,2008,Role-Playing,Bethesda Softworks,3.4,0.99,0.09,0.45,4.93,93,84,8.5,1655,Bethesda Game Studios,M
Uncharted: Drake's Fortune,PS3,2007,Action,Sony Computer Entertainment,2.31,1.72,0.12,0.77,4.92,88,66,8.1,2306,"Naughty Dog, SCE/WWS",T
Madden NFL 06,PS2,2005,Sports,Electronic Arts,3.98,0.26,0.01,0.66,4.91,88,29,8,121,EA Sports,E
Diddy Kong Racing,N64,1997,Racing,Nintendo,2.91,0.99,0.89,0.1,4.88,,,,,,
Monster Hunter Freedom 3,PSP,2010,Role-Playing,Capcom,0.0,0.0,4.87,0.0,4.87,,,,,,
Super Smash Bros. for Wii U and 3DS,WiiU,2014,Fighting,Nintendo,2.6,1.08,0.81,0.38,4.87,,,,,,
Dr. Mario,NES,1990,Puzzle,Nintendo,2.62,0.6,1.52,0.1,4.85,,,,,,
StarCraft II: Wings of Liberty,PC,2010,Strategy,Activision,2.57,1.68,0.0,0.58,4.84,93,82,8.2,3052,Blizzard Entertainment,T
Assassin's Creed,PS3,2007,Adventure,Ubisoft,1.91,2.0,0.09,0.82,4.82,81,40,7.3,769,Ubisoft Montreal,M
God of War III,PS3,2010,Action,Sony Computer Entertainment,2.74,1.33,0.12,0.61,4.8,92,101,8.7,2633,SCE Santa Monica,M
Crash Team Racing,PS,1999,Racing,Sony Computer Entertainment,2.57,1.57,0.44,0.21,4.79,88,20,9,233,Naughty Dog,E
LEGO Star Wars: The Complete Saga,DS,2007,Action,LucasArts,2.83,1.48,0.0,0.45,4.76,80,9,5.4,46,TT Fusion,E
Driver 2,PS,2000,Action,Atari,2.36,2.1,0.02,0.25,4.73,62,14,7.7,92,Reflections Interactive,T
Batman: Arkham City,X360,2011,Action,Warner Bros. Interactive Entertainment,2.99,1.27,0.04,0.42,4.73,94,87,8.7,1472,Rocksteady Studios,T
The Last of Us,PS4,2014,Action,Sony Computer Entertainment,1.88,2.0,0.07,0.77,4.71,,,,,,
The Simpsons: Hit & Run,PS2,2003,Racing,Vivendi Games,1.73,2.19,0.0,0.79,4.7,,,,,,
Tony Hawk's Pro Skater 2,PS,2000,Sports,Activision,3.05,1.41,0.02,0.2,4.68,98,19,7.7,299,Neversoft Entertainment,T
The Lord of the Rings: The Two Towers,PS2,2002,Action,Electronic Arts,1.94,1.95,0.08,0.7,4.67,82,32,8.2,78,Stormfront Studios,T
Tomb Raider,PS,1996,Action,Eidos Interactive,2.29,1.97,0.13,0.24,4.63,91,13,8.6,147,Core Design Ltd.,T
Animal Crossing: City Folk,Wii,2008,Simulation,Nintendo,1.82,1.12,1.32,0.36,4.62,73,50,7.6,119,Nintendo,E
Uncharted: The Nathan Drake Collection,PS4,2015,Action,Sony Computer Entertainment,2.07,1.71,0.08,0.76,4.62,86,78,8.1,1264,Bluepoint Games,T
The Legend of Zelda: A Link to the Past,SNES,1991,Action,Nintendo,2.42,0.91,1.15,0.13,4.61,,,,,,
The Legend of Zelda: The Wind Waker,GC,2002,Action,Nintendo,2.6,0.99,0.89,0.13,4.6,96,80,8.9,968,Nintendo,E
Guitar Hero III: Legends of Rock,Wii,2007,Misc,Activision,3.04,1.11,0.0,0.43,4.6,86,36,8.4,87,Vicarious Visions,T
Luigi's Mansion: Dark Moon,3DS,2013,Action,Nintendo,1.8,1.39,1.11,0.29,4.59,86,74,8.4,458,Next Level Games,E
Forza Motorsport 4,X360,2011,Racing,Microsoft Game Studios,2.08,1.97,0.06,0.46,4.57,91,83,8.2,617,Turn 10,E
Mario & Sonic at the Olympic Winter Games,Wii,2009,Sports,Sega,1.87,1.96,0.22,0.48,4.53,,,,,,
Madden NFL 2005,PS2,2004,Sports,Electronic Arts,4.18,0.26,0.01,0.08,4.53,91,30,7.9,78,EA Tiburon,E
Guitar Hero III: Legends of Rock,X360,2007,Misc,Activision,3.19,0.91,0.01,0.42,4.53,85,69,7.9,165,Neversoft Entertainment,T
Pitfall!,2600,1981,Platform,Activision,4.21,0.24,0.0,0.05,4.5,,,,,,
Madden NFL 07,PS2,2006,Sports,Electronic Arts,3.63,0.24,0.01,0.61,4.49,84,29,8.2,39,EA Sports,E
Halo 5: Guardians,XOne,2015,Shooter,Microsoft Game Studios,2.78,1.27,0.03,0.41,4.48,84,101,6.4,2438,343 Industries,T
Spider-Man: The Movie,PS2,2002,Action,Activision,2.71,1.51,0.03,0.23,4.48,76,25,7.9,41,Treyarch,E
Dragon Quest VII: Warriors of Eden,PS,2000,Role-Playing,Enix Corporation,0.2,0.14,4.1,0.02,4.47,,,,,,
Call of Duty: Infinite Warfare,PS4,2016,Shooter,Activision,1.61,2.0,0.15,0.71,4.46,77,82,3.4,1129,Infinity Ward,M
God of War,PS2,2005,Action,Sony Computer Entertainment,2.71,1.29,0.02,0.43,4.45,94,75,8.9,997,SCE Santa Monica,M
Splatoon,WiiU,2015,Shooter,Nintendo,1.54,1.18,1.46,0.26,4.43,81,88,8.5,1184,Nintendo,E10+
Nintendo Land,WiiU,2012,Misc,Nintendo,2.52,1.11,0.46,0.33,4.42,77,61,7.9,471,Nintendo,E10+
Tony Hawk's Pro Skater 3,PS2,2001,Sports,Activision,2.66,1.29,0.01,0.46,4.41,97,34,7.5,298,Neversoft Entertainment,T
Winning Eleven: Pro Evolution Soccer 2007,PS2,2006,Sports,Konami Digital Entertainment,0.1,2.39,1.05,0.86,4.39,86,19,8.9,33,Konami,E
The Elder Scrolls IV: Oblivion,X360,2006,Role-Playing,Take-Two Interactive,2.82,1.03,0.13,0.4,4.38,94,90,8.7,1109,Bethesda Softworks,M
Zelda II: The Adventure of Link,NES,1987,Adventure,Nintendo,2.19,0.5,1.61,0.08,4.38,,,,,,
Need for Speed: Most Wanted,PS2,2005,Racing,Electronic Arts,2.03,1.79,0.08,0.47,4.37,82,36,9.1,137,EA Canada,T
Michael Jackson: The Experience,Wii,2010,Misc,Ubisoft,2.64,1.33,0.01,0.39,4.36,56,37,8.3,31,"Ubisoft Paris, Ubisoft Montpellier",E10+
Call of Duty: Advanced Warfare,PS3,2014,Shooter,Activision,1.56,1.93,0.19,0.68,4.36,,,4.8,207,High Moon Studios,M
Resistance: Fall of Man,PS3,2006,Shooter,Sony Computer Entertainment,1.74,1.72,0.14,0.75,4.34,86,70,8.1,715,Insomniac Games,M
Sonic the Hedgehog,GEN,1991,Platform,Sega,3.03,0.91,0.26,0.13,4.34,,,,,,
Kingdom Hearts II,PS2,2005,Role-Playing,Square Enix,2.2,0.58,1.38,0.17,4.33,87,64,9,766,Square Enix,E10+
The Legend of Zelda: Ocarina of Time,3DS,2011,Action,Nintendo,2.09,1.31,0.62,0.31,4.33,,,,,,
Super Mario 3D World,WiiU,2013,Platform,Nintendo,2.11,1.16,0.73,0.32,4.32,93,83,9,1607,Nintendo,E
Minecraft,PS4,2014,Misc,Sony Computer Entertainment Europe,1.48,2.02,0.14,0.68,4.32,,,,,,
Asteroids,2600,1980,Shooter,Atari,4.0,0.26,0.0,0.05,4.31,,,,,,
Call of Duty: Advanced Warfare,X360,2014,Shooter,Activision,2.77,1.11,0.0,0.4,4.29,,,4.9,221,High Moon Studios,M
FIFA 15,PS3,2014,Sports,Electronic Arts,0.58,3.02,0.04,0.64,4.28,,,4.5,109,EA Sports,E
Fable II,X360,2008,Role-Playing,Microsoft Game Studios,2.51,1.24,0.11,0.41,4.27,89,95,6.5,2423,Lionhead Studios,M
Namco Museum,GBA,2001,Misc,Namco Bandai Games,3.0,1.11,0.05,0.07,4.24,79,10,7.3,6,Mass Media,E
Batman: Arkham Asylum,PS3,2009,Action,Eidos Interactive,2.24,1.31,0.07,0.61,4.23,91,70,8.9,1122,Rocksteady Studios,T
Metal Gear Solid 3: Snake Eater,PS2,2004,Action,Konami Digital Entertainment,1.46,0.0,0.83,1.93,4.23,91,68,9.3,955,KCEJ,M
Assassin's Creed: Revelations,PS3,2011,Action,Ubisoft,1.41,2.01,0.1,0.7,4.22,80,39,7.5,613,Ubisoft Montreal,M
Fallout 4,XOne,2015,Role-Playing,Bethesda Softworks,2.51,1.32,0.01,0.38,4.22,88,39,6.2,1749,Bethesda Game Studios,M
FIFA 14,X360,2013,Sports,Electronic Arts,0.92,2.89,0.01,0.4,4.22,84,41,4.2,435,EA Canada,E
Daxter,PSP,2006,Platform,Sony Computer Entertainment,2.45,1.01,0.0,0.75,4.21,85,59,8.7,109,Ready at Dawn,E10+
Warcraft II: Tides of Darkness,PC,1995,Strategy,Activision,1.7,2.27,0.0,0.23,4.21,,,,,,
FIFA Soccer 06,PS2,2005,Sports,Electronic Arts,0.78,2.55,0.04,0.84,4.21,80,32,7.8,47,EA Canada,E
EyeToy Play,PS2,2003,Misc,Sony Computer Entertainment,0.88,2.3,0.2,0.83,4.2,80,32,7.5,22,"SCEE, Zoe Mode",E
Gran Turismo 5 Prologue,PS3,2007,Racing,Sony Computer Entertainment,1.28,1.82,0.57,0.52,4.19,80,67,7.1,120,Polyphony Digital,E
Assassin's Creed: Revelations,X360,2011,Action,Ubisoft,2.25,1.47,0.04,0.43,4.19,80,77,7.2,564,Ubisoft Montreal,M
FIFA 12,X360,2011,Sports,Electronic Arts,0.84,2.78,0.02,0.53,4.18,,,,,,
Teenage Mutant Ninja Turtles,NES,1989,Action,Palcom,3.38,0.44,0.31,0.04,4.17,,,,,,
Street Fighter IV,PS3,2009,Fighting,Capcom,2.03,1.04,0.58,0.52,4.16,94,61,7.3,330,Capcom,T
Excitebike,NES,1984,Racing,Nintendo,2.04,0.48,1.57,0.07,4.16,,,,,,
Frogger,PS,1997,Action,Hasbro Interactive,3.79,0.27,0.0,0.11,4.16,,,,,,
Madden NFL 2003,PS2,2002,Sports,Electronic Arts,3.36,0.21,0.01,0.56,4.14,95,25,7.7,65,EA Sports,E
Half-Life,PC,1997,Shooter,Vivendi Games,4.03,0.0,0.09,0.0,4.12,96,24,9.1,3161,Valve Software,M
Super Mario World 2: Yoshi's Island,SNES,1995,Platform,Nintendo,1.65,0.61,1.76,0.09,4.12,,,,,,
FIFA Soccer 07,PS2,2006,Sports,Electronic Arts,0.71,2.48,0.03,0.89,4.11,,,,,,
Street Fighter II Turbo,SNES,1992,Fighting,Capcom,1.42,0.51,2.1,0.07,4.1,,,,,,
World of Warcraft: The Burning Crusade,PC,2007,Role-Playing,Activision,2.57,1.52,0.0,0.0,4.09,91,46,7.9,785,Blizzard Entertainment,T
Battlefield 1,PS4,2016,Shooter,Electronic Arts,1.1,2.15,0.21,0.61,4.08,88,31,8.4,809,EA DICE,M
God of War II,PS2,2007,Action,Sony Computer Entertainment,2.32,0.04,0.04,1.67,4.07,93,70,8.9,709,SCE Santa Monica,M
World Soccer Winning Eleven 9,PS2,2005,Sports,Konami Digital Entertainment,0.12,2.26,0.9,0.77,4.06,,,8.2,23,Konami,E
Forza Motorsport 2,X360,2007,Racing,Microsoft Game Studios,2.35,1.27,0.03,0.41,4.05,90,66,8.3,381,Turn 10,E
Fallout: New Vegas,X360,2010,Role-Playing,Bethesda Softworks,2.66,1.03,0.04,0.33,4.05,84,81,8.1,769,Obsidian Entertainment,M
Namco Museum Vol.3,PS,1996,Misc,Sony Computer Entertainment,2.28,1.55,0.16,0.06,4.05,,,,,,
Watch Dogs,PS4,2014,Action,Ubisoft,1.4,1.9,0.11,0.64,4.05,80,80,6.3,2996,Ubisoft Montreal,M
Carnival Games,Wii,2007,Misc,Take-Two Interactive,2.12,1.47,0.05,0.42,4.05,56,27,6,44,Cat Daddy Games,E
Tekken Tag Tournament,PS2,2000,Fighting,Namco Bandai Games,1.68,1.51,0.51,0.35,4.05,85,25,8.5,117,Namco,T
Far Cry 4,PS4,2014,Shooter,Ubisoft,1.13,2.18,0.1,0.63,4.04,85,83,7.7,1653,Ubisoft Montreal,M
Star Fox 64,N64,1997,Shooter,Nintendo,2.78,0.58,0.64,0.04,4.03,,,,,,
Golf,NES,1984,Sports,Nintendo,1.22,0.28,2.46,0.04,4.01,,,,,,
Namco Museum: 50th Anniversary,PS2,2005,Misc,Namco Bandai Games,2.08,1.35,0.0,0.54,3.98,61,21,tbd,,Digital Eclipse,E10+
Left 4 Dead 2,X360,2009,Shooter,Electronic Arts,2.67,0.87,0.05,0.38,3.97,89,76,8.6,681,Valve Software,M
The Witcher 3: Wild Hunt,PS4,2015,Role-Playing,Namco Bandai Games,1.02,2.13,0.23,0.59,3.97,92,79,9.2,10179,CD Projekt Red Studio,M
Assassin's Creed: Unity,PS4,2014,Action,Ubisoft,1.19,2.07,0.08,0.62,3.96,70,40,4.9,2050,"Ubisoft, Ubisoft Montreal",M
Batman: Arkham Knight,PS4,2015,Action,Warner Bros. Interactive Entertainment,1.53,1.69,0.1,0.64,3.95,87,89,7.6,2679,Rocksteady Studios,M
The Legend of Zelda: Skyward Sword,Wii,2011,Action,Nintendo,2.03,1.16,0.37,0.38,3.95,93,81,8,1958,Nintendo,E10+
Fallout 3,PS3,2008,Role-Playing,Bethesda Softworks,2.15,1.13,0.07,0.59,3.94,90,57,8,910,Bethesda Game Studios,M
Professor Layton and the Diabolical Box,DS,2007,Puzzle,Nintendo,0.9,1.76,0.92,0.37,3.94,84,65,8.8,72,Level 5,E10+
Donkey Kong Land,GB,1994,Platform,Nintendo,1.97,0.76,1.07,0.11,3.91,,,,,,
EA Sports Active,Wii,2009,Sports,Electronic Arts,2.09,1.35,0.06,0.4,3.9,81,27,8.7,39,EA Canada,E
Tony Hawk's Underground,PS2,2003,Sports,Activision,2.29,1.17,0.01,0.42,3.9,90,38,8.7,121,Neversoft Entertainment,T
Monster Hunter 4 Ultimate,3DS,2014,Role-Playing,Nintendo,0.68,0.48,2.62,0.11,3.89,86,80,8.7,348,Capcom,T
The Elder Scrolls V: Skyrim,PC,2011,Role-Playing,Bethesda Softworks,1.16,2.12,0.0,0.6,3.88,94,32,8.1,9073,Bethesda Game Studios,M
NBA 2K16,PS4,2015,Sports,Take-Two Interactive,2.49,0.66,0.03,0.69,3.88,87,51,6.7,364,Visual Concepts,E10+
Tekken 5,PS2,2005,Fighting,Namco Bandai Games,0.93,1.94,0.31,0.7,3.87,88,62,8.6,229,Namco,T
Dragon Warrior III,NES,1988,Role-Playing,Enix Corporation,0.1,0.0,3.77,0.0,3.87,,,,,,
MotorStorm,PS3,2006,Racing,Sony Computer Entertainment,1.53,1.6,0.06,0.67,3.87,84,9,7.4,220,Evolution Studios,T
Nintendogs + cats,3DS,2011,Simulation,Nintendo,1.44,1.41,0.73,0.27,3.85,,,,,,
World Soccer Winning Eleven 8 International,PS2,2004,Sports,Konami Digital Entertainment,0.16,1.89,1.12,0.68,3.85,91,26,9.1,38,KCET,E
Sports Champions,PS3,2010,Sports,Sony Computer Entertainment,2.13,1.12,0.1,0.5,3.84,76,64,7.9,104,"SCEA, Zindagi Games",E10+
Namco Museum Vol.1,PS,1995,Misc,Sony Computer Entertainment,2.12,1.44,0.22,0.06,3.84,,,,,,
The Legend of Zelda: Link's Awakening,GB,1992,Action,Nintendo,2.21,0.96,0.54,0.13,3.83,,,,,,
Call of Duty: Ghosts,PS4,2013,Shooter,Activision,1.78,1.43,0.05,0.57,3.83,78,49,3.7,1564,Infinity Ward,M
Flash Focus: Vision Training in Minutes a Day,DS,2007,Misc,Nintendo,0.86,1.56,1.05,0.35,3.83,59,22,4,4,"Nintendo, Namco Bandai Games",E
Tom Clancy's The Division,PS4,2016,Shooter,Ubisoft,1.35,1.7,0.15,0.6,3.8,80,64,7,2219,Massive Entertainment,M
Big Brain Academy: Wii Degree,Wii,2007,Misc,Nintendo,1.05,1.91,0.41,0.42,3.79,68,33,6.9,39,Nintendo,E
Resident Evil Director's Cut,PS,1996,Action,Virgin Interactive,1.82,1.24,0.47,0.25,3.77,,,,,,
Mario & Luigi: Bowser's Inside Story,DS,2009,Role-Playing,Nintendo,2.23,0.47,0.81,0.26,3.77,,,,,,
LEGO Indiana Jones: The Original Adventures,X360,2008,Action,Activision,2.4,1.01,0.0,0.36,3.76,77,60,7.5,66,Traveller's Tales,E10+
The Sims: Unleashed,PC,2002,Simulation,Electronic Arts,2.03,1.56,0.0,0.17,3.76,79,21,8,29,Maxis,T
Ratchet & Clank: Size Matters,PSP,2007,Platform,Sony Computer Entertainment,1.4,1.39,0.1,0.86,3.74,,,,,,
Harry Potter and the Sorcerer's Stone,PS,2001,Action,Electronic Arts,1.37,2.0,0.14,0.22,3.73,64,11,7.5,41,Argonaut Games,E
Mario & Sonic at the London 2012 Olympic Games,Wii,2011,Sports,Sega,1.12,1.87,0.27,0.45,3.72,,,,,,
Resident Evil 3: Nemesis,PS,1999,Action,Eidos Interactive,1.3,0.77,1.54,0.11,3.72,,,,,,
Super Paper Mario,Wii,2007,Platform,Nintendo,1.95,0.86,0.59,0.31,3.71,85,56,7.9,417,Intelligent Systems,E
Spyro: Year of the Dragon,PS,2000,Platform,Sony Computer Entertainment,1.93,1.58,0.0,0.19,3.71,91,15,8.8,207,Insomniac Games,E
Assassin's Creed IV: Black Flag,PS3,2013,Action,Ubisoft,1.33,1.68,0.13,0.57,3.71,88,36,8.1,840,Ubisoft,M
FIFA Soccer 2005,PS2,2004,Sports,Electronic Arts,0.58,2.48,0.04,0.59,3.7,81,27,7.6,56,EA Canada,E
Pokémon Trading Card Game,GB,1998,Strategy,Nintendo,1.49,0.73,1.38,0.1,3.7,,,,,,
Friend Collection,DS,2009,Misc,Nintendo,0.0,0.0,3.67,0.0,3.67,,,,,,
Tony Hawk's Pro Skater 4,PS2,2002,Sports,Activision,2.13,1.18,0.01,0.35,3.67,94,27,8.5,128,Neversoft Entertainment,T
Star Wars Battlefront (2015),XOne,2015,Shooter,Electronic Arts,2.04,1.28,0.02,0.32,3.66,,,,,,
MySims,DS,2007,Simulation,Electronic Arts,1.58,1.59,0.08,0.41,3.66,67,15,7.3,13,TOSE,E
Midnight Club 3: DUB Edition,PSP,2005,Racing,Take-Two Interactive,1.65,1.21,0.0,0.79,3.65,74,34,8.4,31,Rockstar Leeds,E10+
Banjo-Kazooie,N64,1998,Platform,Nintendo,1.87,1.13,0.55,0.1,3.65,,,,,,
SOCOM: U.S. Navy SEALs,PS2,2002,Shooter,Sony Computer Entertainment,2.53,0.81,0.06,0.24,3.65,82,42,7.9,82,Zipper Interactive,M
Jak and Daxter: The Precursor Legacy,PS2,2001,Platform,Sony Computer Entertainment,2.08,1.09,0.15,0.33,3.64,90,35,8.7,312,Naughty Dog,E
Pokemon Snap,N64,1999,Simulation,Nintendo,2.23,0.68,0.66,0.06,3.63,,,,,,
Pro Evolution Soccer 2008,PS2,2007,Sports,Konami Digital Entertainment,0.05,0.0,0.64,2.93,3.63,82,10,7.9,38,Konami,E
Resident Evil 4,PS2,2005,Action,Capcom,2.08,0.83,0.46,0.25,3.62,96,38,8.9,1013,Capcom,M
Guitar Hero: World Tour,Wii,2008,Misc,Activision,2.32,0.96,0.0,0.34,3.62,86,18,7.6,71,Vicarious Visions,T
FIFA Soccer 10,PS3,2009,Sports,Electronic Arts,0.6,2.45,0.05,0.52,3.62,91,56,7.6,203,EA Sports,E
Star Wars: Battlefront,PS2,2004,Shooter,LucasArts,1.93,1.22,0.03,0.44,3.61,82,36,8.7,142,Pandemic Studios,T
Doom II: Hell on Earth,PC,1994,Shooter,Virgin Interactive,2.05,1.4,0.0,0.16,3.61,,,,,,
The Simpsons: Road Rage,PS2,2001,Racing,Electronic Arts,2.02,1.17,0.0,0.42,3.61,64,23,7.7,32,Fox Interactive,T
Luigi's Mansion,GC,2001,Action,Nintendo,2.38,0.67,0.46,0.1,3.6,78,34,8.5,161,Nintendo,E
Battlefield 4,PS4,2013,Shooter,Electronic Arts,1.35,1.55,0.17,0.51,3.59,85,18,6.9,1580,EA DICE,M
Star Wars: Battlefront II,PS2,2005,Shooter,LucasArts,2.18,1.02,0.03,0.37,3.59,84,30,9,268,Pandemic Studios,T
Just Dance 2014,Wii,2013,Misc,Ubisoft,1.88,1.39,0.0,0.31,3.59,,,6.2,10,Ubisoft,E10+
Cooking Mama 2: Dinner With Friends,DS,2007,Simulation,505 Games,1.6,1.49,0.1,0.39,3.58,70,39,8,9,Office Create,E
WWF SmackDown!,PS,2000,Fighting,THQ,2.01,1.35,0.06,0.16,3.58,,,,,,
Croc: Legend of the Gobbos,PS,1997,Platform,Fox Interactive,1.57,1.79,0.0,0.2,3.56,,,,,,
Grand Theft Auto: Liberty City Stories,PS2,2006,Action,Take-Two Interactive,1.56,1.4,0.07,0.5,3.54,78,49,7.8,112,Rockstar Leeds,M
The Getaway,PS2,2002,Action,Sony Computer Entertainment,1.23,1.77,0.05,0.49,3.54,72,49,6.8,88,Team Soho,M
Tomb Raider III: Adventures of Lara Croft,PS,1997,Action,Eidos Interactive,1.66,1.58,0.12,0.18,3.54,,,,,,
James Bond 007: Agent Under Fire,PS2,2001,Shooter,Electronic Arts,1.9,1.13,0.1,0.41,3.53,72,27,7.9,48,EA Redwood Shores,T
LEGO Star Wars: The Video Game,PS2,2005,Action,Eidos Interactive,1.98,1.14,0.01,0.41,3.53,,,,,,
Rugrats in Paris: The Movie,PS,2000,Action,THQ,1.96,1.33,0.0,0.23,3.52,,,,,,
FIFA Soccer 11,X360,2010,Sports,Electronic Arts,0.71,2.39,0.02,0.4,3.52,88,66,7.5,155,EA Sports,E
Spyro 2: Ripto's Rage!,PS,1999,Platform,Sony Computer Entertainment,2.14,1.21,0.01,0.17,3.52,,,,,,
Left 4 Dead,X360,2008,Shooter,Electronic Arts,2.66,0.49,0.05,0.3,3.51,89,67,7.9,1309,Certain Affinity,M
Donkey Kong Country 3: Dixie Kong's Double Trouble!,SNES,1996,Platform,Nintendo,1.17,0.5,1.75,0.08,3.51,,,,,,
Assassin's Creed: Unity,XOne,2014,Action,Ubisoft,2.27,0.9,0.0,0.33,3.5,72,59,4.1,1005,"Ubisoft, Ubisoft Montreal",M
Kung Fu,NES,1985,Action,Nintendo,1.64,0.38,1.42,0.06,3.5,,,,,,
Resident Evil 5,X360,2009,Action,Capcom,2.11,0.93,0.12,0.34,3.5,83,91,7.5,523,Capcom,M
Assassin's Creed: Brotherhood,X360,2010,Action,Ubisoft,2.85,0.38,0.03,0.24,3.49,89,81,8.3,693,Ubisoft Montreal,M
FIFA Soccer 2004,PS2,,Sports,Electronic Arts,0.59,2.36,0.04,0.51,3.49,84,20,6.4,76,EA Canada,E
Battlefield 4,PS3,2013,Shooter,Electronic Arts,1.3,1.42,0.27,0.5,3.49,80,14,5.8,579,EA DICE,M
Batman: Arkham Asylum,X360,2009,Action,Eidos Interactive,2.2,0.95,0.02,0.31,3.48,92,78,8.7,1080,Rocksteady Studios,T
Battlefield 4,X360,2013,Shooter,Electronic Arts,2.15,1.01,0.02,0.31,3.48,79,21,5.6,542,EA DICE,M
Battlefield: Bad Company 2,X360,2010,Shooter,Electronic Arts,2.1,1.01,0.04,0.32,3.47,88,75,8.6,869,EA DICE,M
Mario & Sonic at the Olympic Winter Games,DS,2009,Sports,Sega,1.21,1.62,0.27,0.37,3.46,,,,,,
Guitar Hero: On Tour,DS,2008,Misc,Activision,2.1,1.01,0.01,0.35,3.46,71,70,8.8,29,Vicarious Visions,E10+
Clubhouse Games,DS,2006,Misc,Nintendo,0.59,1.79,0.73,0.34,3.45,83,30,8.4,28,Agenda,E
Monster Hunter 4,3DS,2013,Role-Playing,Capcom,0.0,0.0,3.44,0.0,3.44,,,,,,
Borderlands,X360,2009,Shooter,Take-Two Interactive,2.4,0.71,0.03,0.29,3.44,84,83,8.2,715,Gearbox Software,M
Tekken 4,PS2,2002,Fighting,Namco Bandai Games,1.55,1.27,0.33,0.29,3.44,79,23,8.3,126,Namco,T
Final Fantasy III,SNES,1994,Role-Playing,SquareSoft,0.86,0.0,2.55,0.02,3.42,,,,,,
Grand Theft Auto 2,PS,1998,Action,Take-Two Interactive,1.13,2.07,0.0,0.22,3.42,70,15,8,67,DMA Design,T
Metal Gear Solid V: The Phantom Pain,PS4,2015,Action,Konami Digital Entertainment,1.09,1.36,0.49,0.48,3.41,93,86,8.2,3943,"Kojima Productions, Moby Dick Studio",M
Spider-Man 2,PS2,2004,Action,Activision,1.75,1.2,0.02,0.43,3.41,80,50,8.9,106,Treyarch,T
F-1 Race,GB,1990,Racing,Nintendo,1.73,0.69,0.59,0.4,3.41,,,,,,
FIFA Soccer 2003,PS2,2002,Sports,Electronic Arts,0.46,2.28,0.05,0.61,3.4,88,15,6.7,35,EA Canada,E
LittleBigPlanet 2,PS3,2011,Platform,Sony Computer Entertainment,1.83,1.05,0.06,0.46,3.39,91,86,8.4,657,Media Molecule,E
Crash Bash,PS,2000,Misc,Sony Computer Entertainment,1.56,1.47,0.19,0.17,3.39,68,12,8.2,99,Eurocom Entertainment Software,E
Assassin's Creed Syndicate,PS4,2015,Action,Ubisoft,0.81,1.99,0.07,0.52,3.39,76,86,6.8,1319,Ubisoft Quebec,M
LEGO Batman: The Videogame,X360,2008,Action,Warner Bros. Interactive Entertainment,2.04,1.02,0.0,0.32,3.38,76,49,7.9,75,Traveller's Tales,E10+
Destiny,XOne,2014,Shooter,Activision,2.14,0.92,0.0,0.31,3.37,75,11,5.5,1735,"Bungie Software, Bungie",T
WWF War Zone,PS,1998,Fighting,Acclaim Entertainment,2.47,0.76,0.0,0.13,3.36,,,,,,
The Legend of Zelda: Majora's Mask,N64,2000,Action,Nintendo,1.9,0.67,0.73,0.06,3.36,,,,,,
Far Cry 3,PS3,2012,Shooter,Ubisoft,0.88,1.7,0.1,0.67,3.35,90,32,8.5,1041,Ubisoft Montreal,M
Rugrats: Search For Reptar,PS,1998,Adventure,THQ,1.63,1.53,0.0,0.18,3.34,,,,,,
English Training: Have Fun Improving Your Skills!,DS,2006,Misc,Nintendo,0.0,0.99,2.32,0.02,3.33,,,,,,
James Bond 007: Nightfire,PS2,2002,Shooter,Electronic Arts,1.45,1.29,0.12,0.46,3.33,77,20,8.5,66,Eurocom Entertainment Software,T
Ratchet & Clank,PS2,2002,Platform,Sony Computer Entertainment,1.44,1.01,0.57,0.3,3.33,,,,,,
Monster Hunter X,3DS,2015,Action,Capcom,0.27,0.21,2.79,0.05,3.32,,,,,,
Star Wars Episode III: Revenge of the Sith,PS2,2005,Action,LucasArts,1.47,1.39,0.03,0.43,3.32,60,34,7.2,82,Double Helix Games,T
The Legend of Zelda: Spirit Tracks,DS,2009,Action,Nintendo,1.4,0.91,0.74,0.26,3.31,87,75,7.8,228,Nintendo,E10+
Max Payne,PS2,2001,Shooter,Take-Two Interactive,1.99,1.05,0.05,0.22,3.31,80,21,8.5,86,Rockstar Toronto,M
Assassin's Creed IV: Black Flag,X360,2013,Action,Ubisoft,1.9,1.11,0.01,0.29,3.3,86,35,7.9,701,Ubisoft,M
The Lord of the Rings: The Return of the King,PS2,2003,Action,Electronic Arts,1.5,1.28,0.05,0.46,3.28,85,31,8.7,105,EA Games,T
Yokai Watch 2 Ganso/Honke,3DS,2014,Role-Playing,Nintendo,0.09,0.0,3.18,0.01,3.28,,,,,,
Gears of War: Ultimate Edition,XOne,2015,Shooter,Microsoft Game Studios,2.61,0.33,0.0,0.34,3.28,82,74,7.5,563,"Splash Damage, The Coalition",M
True Crime: Streets of LA,PS2,2003,Action,Activision,1.89,1.05,0.02,0.31,3.27,77,39,8,94,"Luxoflux, Inc.",M
Professor Layton and the Unwound Future,DS,2008,Puzzle,Nintendo,0.6,1.57,0.82,0.27,3.26,86,62,9.2,111,Level 5,E10+
Gran Turismo (PSP),PSP,2009,Racing,Sony Computer Entertainment,0.5,1.58,0.31,0.87,3.25,,,,,,
FIFA 16,XOne,2015,Sports,Electronic Arts,0.89,2.12,0.0,0.24,3.25,84,45,4.4,459,EA Sports,E
Wii Music,Wii,2008,Misc,Nintendo,1.35,1.11,0.46,0.32,3.25,63,43,4.6,116,Nintendo,E
Tekken,PS,1995,Fighting,Sony Computer Entertainment,0.95,1.3,0.77,0.22,3.24,,,,,,
Madden NFL 16,PS4,2015,Sports,Electronic Arts,2.34,0.3,0.0,0.6,3.24,83,37,5.9,180,EA Sports,E
Gran Turismo 6,PS3,2013,Racing,Sony Computer Entertainment,0.72,1.67,0.4,0.44,3.23,81,81,7.7,758,Polyphony Digital,E
Halo: The Master Chief Collection,XOne,2014,Shooter,Microsoft Game Studios,1.91,1.0,0.03,0.29,3.23,85,69,7.2,1267,343 Industries,M
007: Tomorrow Never Dies,PS,1999,Shooter,Electronic Arts,1.72,1.33,0.0,0.16,3.21,,,,,,
Super Mario Maker,WiiU,2015,Platform,Nintendo,1.18,0.89,0.94,0.2,3.21,88,85,8.7,691,Nintendo,E
WWF SmackDown! 2: Know Your Role,PS,2000,Fighting,THQ,1.76,1.21,0.07,0.16,3.2,,,,,,
Baseball,NES,1983,Sports,Nintendo,0.73,0.1,2.35,0.02,3.2,,,,,,
Killer Instinct,SNES,1995,Fighting,Nintendo,2.26,0.72,0.12,0.1,3.2,,,,,,
Dragon Quest VI: Maboroshi no Daichi,SNES,1995,Role-Playing,Enix Corporation,0.0,0.0,3.19,0.0,3.19,,,,,,
God of War: Chains of Olympus,PSP,2008,Action,Sony Computer Entertainment,1.48,1.0,0.04,0.66,3.18,91,79,8.6,565,Ready at Dawn,M
Enter the Matrix,PS2,2003,Action,Atari,1.78,1.12,0.09,0.19,3.18,62,30,8.1,137,Shiny Entertainment,T
Crisis Core: Final Fantasy VII,PSP,2007,Role-Playing,Square Enix,1.35,0.59,0.8,0.43,3.18,83,67,8,463,Square Enix,T
Dance Central,X360,2010,Misc,MTV Games,2.15,0.76,0.01,0.26,3.17,82,63,7.6,85,Harmonix Music Systems,T
L.A. Noire,PS3,2011,Adventure,Take-Two Interactive,1.27,1.29,0.12,0.49,3.17,89,78,7.7,1010,Team Bondi,M
Ace Combat 04: Shattered Skies,PS2,2001,Simulation,Sony Computer Entertainment Europe,2.06,0.56,0.38,0.17,3.17,89,22,9.1,95,Namco,E
Animal Crossing,GC,2001,Simulation,Nintendo,1.92,0.16,0.99,0.09,3.15,87,42,8.9,137,Nintendo,E
FIFA Soccer 08,PS2,2007,Sports,Electronic Arts,0.68,0.0,0.0,2.46,3.14,83,12,6.5,36,EA Canada,E
Club Penguin: Elite Penguin Force,DS,2008,Adventure,Disney Interactive Studios,1.87,0.97,0.0,0.3,3.14,,,8,37,1st Playable Productions,E
Spider-Man,PS,2000,Action,Activision,1.7,1.25,0.02,0.16,3.13,87,19,9,107,Neversoft Entertainment,E
Mario Party 9,Wii,2012,Misc,Nintendo,1.06,1.09,0.76,0.22,3.13,73,45,6.8,155,Nd Cube,E
Need for Speed III: Hot Pursuit,PS,1998,Racing,Electronic Arts,2.14,0.86,0.0,0.13,3.12,88,13,,,EA Canada,E
Star Wars Episode I Racer,N64,1999,Racing,Nintendo,2.31,0.62,0.14,0.04,3.12,,,,,,
Sonic Rush,DS,2005,Platform,Sega,1.21,1.56,0.06,0.29,3.12,82,43,8.5,101,"Dimps Corporation, Sonic Team",E
Dragon Warrior IV,NES,1990,Role-Playing,Enix Corporation,0.08,0.0,3.03,0.01,3.12,,,,,,
Rhythm Heaven,DS,2008,Misc,Nintendo,0.55,0.5,1.93,0.13,3.11,83,48,9,63,Nintendo,E
Fallout: New Vegas,PS3,2010,Role-Playing,Bethesda Softworks,1.52,1.03,0.1,0.46,3.11,82,57,7.8,492,Obsidian Entertainment,M
Personal Trainer: Cooking,DS,2006,Misc,Nintendo,0.9,1.0,1.03,0.17,3.11,81,12,7.8,10,Indies Zero,E
The Elder Scrolls IV: Oblivion,PS3,2007,Role-Playing,Ubisoft,1.69,0.85,0.14,0.43,3.1,93,45,8,604,4J Studios,M
The Legend of Zelda: A Link Between Worlds,3DS,2013,Action,Nintendo,1.4,1.01,0.46,0.23,3.1,91,81,8.9,1057,Nintendo,E
Resident Evil 6,PS3,2012,Shooter,Capcom,0.88,0.94,0.88,0.4,3.1,74,34,5.4,1304,Capcom,M
Mass Effect 2,X360,2010,Role-Playing,Electronic Arts,1.99,0.81,0.03,0.27,3.1,96,98,8.9,3143,BioWare,M
Dragon Ball Z: Budokai,PS2,2002,Fighting,Atari,2.17,0.28,0.55,0.08,3.09,67,28,7.9,71,Dimps Corporation,T
Madden NFL 2002,PS2,2001,Sports,Electronic Arts,2.5,0.16,0.01,0.42,3.08,94,23,7.9,46,EA Sports,E
World Class Track Meet,NES,1986,Sports,Namco Bandai Games,1.92,0.45,0.64,0.07,3.08,,,,,,
Donkey Kong,GB,1994,Platform,Nintendo,1.57,0.62,0.55,0.34,3.07,,,,,,
The Sims: Vacation,PC,2002,Simulation,Electronic Arts,1.72,1.21,0.0,0.14,3.07,75,18,7.8,22,Maxis,T
LEGO Batman: The Videogame,Wii,,Action,Warner Bros. Interactive Entertainment,1.8,0.97,0.0,0.29,3.06,74,17,7.9,22,Traveller's Tales,E10+
Animal Crossing: Happy Home Designer,3DS,2015,Simulation,Nintendo,0.51,1.02,1.4,0.12,3.05,66,60,6.9,106,Nintendo,E
The Sims 4,PC,2014,Simulation,Electronic Arts,1.0,1.82,0.0,0.23,3.05,70,74,3.9,2057,Maxis,T
Borderlands 2,X360,2012,Shooter,Take-Two Interactive,1.89,0.88,0.04,0.25,3.05,89,59,8.2,892,Gearbox Software,M
LEGO Batman: The Videogame,DS,2008,Action,Warner Bros. Interactive Entertainment,1.75,1.01,0.0,0.29,3.05,72,16,8,16,TT Fusion,E10+
Kung Fu Panda,X360,2008,Action,Activision,1.91,0.84,0.0,0.29,3.04,75,42,7.4,32,"Luxoflux, Inc.",E10+
Mass Effect 3,X360,2012,Role-Playing,Electronic Arts,1.94,0.84,0.03,0.24,3.04,93,74,5.8,3725,BioWare,M
Heavy Rain,PS3,2010,Adventure,Sony Computer Entertainment,1.29,1.21,0.06,0.47,3.03,87,107,7.7,2759,Quantic Dream,M
Rayman,PS,1995,Platform,Ubisoft,1.54,1.33,0.0,0.16,3.03,,,,,,
Saints Row 2,X360,2008,Action,THQ,1.94,0.79,0.02,0.28,3.03,81,75,8.1,307,Volition Inc.,M
Tom Clancy's Splinter Cell,XB,2002,Action,Ubisoft,1.85,1.04,0.0,0.13,3.02,93,46,8.5,121,Ubisoft Montreal,T
Mike Tyson's Punch-Out!!,NES,1987,Fighting,Nintendo,2.03,0.47,0.45,0.07,3.02,,,,,,
WWE SmackDown! Shut Your Mouth,PS2,2002,Sports,THQ,1.45,1.13,0.07,0.38,3.02,,,,,,
FIFA 14,PS4,2013,Sports,Electronic Arts,0.61,1.85,0.11,0.44,3.01,87,26,6.3,616,EA Canada,E
Killzone 2,PS3,2009,Shooter,Sony Computer Entertainment,1.4,1.06,0.08,0.47,3.01,91,94,8.1,1505,Guerrilla,M
Far Cry 3,X360,2012,Shooter,Ubisoft,1.38,1.32,0.02,0.28,3.0,91,39,8.6,1247,Ubisoft Montreal,M
Epic Mickey,Wii,2010,Platform,Disney Interactive Studios,2.04,0.63,0.12,0.22,3.0,73,78,7,131,Junction Point,E
NBA 2K13,X360,2012,Sports,Take-Two Interactive,2.6,0.2,0.01,0.19,3.0,88,41,7.2,131,Visual Concepts,E
Dragon Ball Z: Budokai Tenkaichi 3,PS2,2007,Fighting,Atari,1.15,0.0,0.76,1.09,3.0,73,24,9.2,173,"Spike, Namco Bandai Games",T
wwe Smackdown vs. Raw 2006,PS2,,Fighting,N/A,1.57,1.02,0.0,0.41,3.0,,,,,,
Star Fox,SNES,1993,Shooter,Nintendo,1.61,0.51,0.8,0.07,2.99,,,,,,
The Sims: Livin Large,PC,2000,Misc,Electronic Arts,1.67,1.18,0.0,0.13,2.99,82,23,6.6,20,Maxis,T
World Soccer Winning Eleven 6 International,PS2,2002,Sports,Konami Digital Entertainment,0.12,1.26,1.16,0.45,2.99,93,24,9.1,65,KCET,E
Devil May Cry,PS2,2001,Action,Capcom,1.36,0.86,0.64,0.13,2.99,94,37,8.5,466,Capcom,M
Star Wars: The Old Republic,PC,2011,Role-Playing,Electronic Arts,1.58,1.01,0.0,0.38,2.96,85,73,5.9,2748,"LucasArts, BioWare",T
Middle-Earth: Shadow of Mordor,PS4,2014,Action,Warner Bros. Interactive Entertainment,1.01,1.43,0.05,0.47,2.96,84,85,8.1,1886,Monolith Productions,M
Sonic Heroes,PS2,2003,Platform,Sega,1.04,1.37,0.06,0.49,2.96,64,29,7.8,94,Sonic Team,E
Hitman 2: Silent Assassin,PS2,2002,Action,Eidos Interactive,1.36,1.15,0.04,0.41,2.96,85,19,7.8,78,Io Interactive,M
Titanfall,XOne,2014,Shooter,Electronic Arts,1.84,0.8,0.04,0.27,2.95,86,68,6.4,2658,Respawn Entertainment,M
Battlefield: Bad Company 2,PS3,2010,Shooter,Electronic Arts,1.33,1.1,0.08,0.44,2.95,88,59,8.5,572,EA DICE,M
Wave Race 64,N64,1996,Racing,Nintendo,1.98,0.58,0.34,0.04,2.94,,,,,,
SOCOM II: U.S. Navy SEALs,PS2,2003,Shooter,Sony Computer Entertainment,2.22,0.51,0.06,0.15,2.94,87,42,9,93,Zipper Interactive,M
WWE SmackDown! vs. RAW 2006,PS2,2005,Fighting,THQ,1.45,1.11,0.04,0.33,2.94,,,,,,
Pac-Man Collection,GBA,2001,Puzzle,Atari,2.07,0.77,0.05,0.05,2.94,79,13,7.8,4,Mass Media,E
Street Fighter IV,X360,2009,Fighting,Capcom,1.82,0.7,0.15,0.26,2.94,93,77,7.3,292,Capcom,T
inFAMOUS,PS3,2009,Action,Sony Computer Entertainment,1.76,0.68,0.12,0.37,2.93,85,98,8.3,1172,Sucker Punch,T
FIFA 15,X360,2014,Sports,Electronic Arts,0.79,1.92,0.0,0.21,2.92,,,4.2,85,EA Sports,E
Kirby Super Star Ultra,DS,2008,Platform,Nintendo,1.55,0.04,1.19,0.15,2.92,76,40,8.8,76,HAL Labs,E
Call of Duty: Ghosts,XOne,2013,Shooter,Activision,1.88,0.77,0.0,0.27,2.92,78,7,4.3,700,Infinity Ward,M
Super Mario World 2: Yoshi's Island,GBA,2002,Platform,Nintendo,1.75,0.45,0.62,0.09,2.91,,,,,,
Mass Effect,X360,2007,Role-Playing,Microsoft Game Studios,1.83,0.79,0.03,0.27,2.91,91,74,8.7,1692,BioWare,M
Sonic Mega Collection Plus,PS2,2004,Misc,Sega,1.54,1.14,0.0,0.22,2.9,73,21,8.6,30,Sonic Team,E
World Soccer Winning Eleven 7 International,PS2,2003,Sports,Konami Digital Entertainment,0.08,1.24,1.13,0.45,2.9,93,28,9,45,KCET,E
Sega Superstars Tennis,X360,2008,Sports,Sega,1.75,0.86,0.0,0.28,2.89,67,45,6.8,18,Sumo Digital,E10+
